model,mae_mean,mae_std,rmse_mean,rmse_std,log_loss_mean,log_loss_std,brier_mean,brier_std,roc_auc_mean,roc_auc_std,accuracy_mean
Gradient Boosting,9.49869756202942,0.26192549452821734,12.457133063337341,0.3906161840343291,0.4973330887165842,0.06875812525547785,0.16288892059972312,0.027173808258079916,0.8249726632919245,0.04951060471989096,0.766812063986253
Ridge,9.812021751689688,0.33756758337210885,13.07564984710451,0.46873470215690605,0.5019330258210015,0.061358780698736896,0.16404709341794804,0.024049259520886466,0.8209847352381052,0.04818800375647122,0.7696304007687904
Linear Regression,9.81004553089682,0.3324282481981934,13.096660928184187,0.42411217568633597,0.5026741293626018,0.06286394367724404,0.16406780590096734,0.024090424398519033,0.8208074565759675,0.048484161892234146,0.7682500818948894
Lasso,9.924084598738975,0.46743626963955964,13.321670480587494,0.7668336521917454,0.5052737914580455,0.058514145004925106,0.16540783118023628,0.023709611729824515,0.8190010345670041,0.04699533642656148,0.768735073216151
ElasticNet,9.99063824189078,0.5200118096263178,13.446425213241161,0.855195750860224,0.5084710213524739,0.06032477989313179,0.16678292958617086,0.02481769709890451,0.8165334927921766,0.04771486695387895,0.7655064450075104
